{"options":{"hasObfuscationDictionary":false,"hasClassObfuscationDictionary":false,"hasPackageObfuscationDictionary":false,"keepAttributes":{"isAnnotationDefaultKept":true,"isEnclosingMethodKept":true,"isExceptionsKept":false,"isInnerClassesKept":true,"isLocalVariableTableKept":false,"isLocalVariableTypeTableKept":false,"isMethodParametersKept":false,"isPermittedSubclassesKept":false,"isRuntimeInvisibleAnnotationsKept":true,"isRuntimeInvisibleParameterAnnotationsKept":true,"isRuntimeInvisibleTypeAnnotationsKept":true,"isRuntimeVisibleAnnotationsKept":true,"isRuntimeVisibleParameterAnnotationsKept":true,"isRuntimeVisibleTypeAnnotationsKept":true,"isSignatureKept":true,"isSourceDebugExtensionKept":false,"isSourceDirKept":false,"isSourceFileKept":false,"isStackMapTableKept":false},"isAccessModificationEnabled":true,"isFlattenPackageHierarchyEnabled":false,"isObfuscationEnabled":true,"isOptimizationsEnabled":true,"isProGuardCompatibilityModeEnabled":false,"isProtoLiteOptimizationEnabled":false,"isRepackageClassesEnabled":false,"isShrinkingEnabled":true,"apiModeling":{},"minApiLevel":"24","isDebugModeEnabled":false},"baselineProfileRewriting":{},"compilation":{"buildTimeNs":101060975573,"numberOfThreads":4},"dexFiles":[{"checksum":"fc4c7db08be9265c8f4c9ed40108dabfe65d108f90c20b0e7b47b82e4275c2b2","startup":false}],"stats":{"noObfuscationPercentage":8.82,"noOptimizationPercentage":10.25,"noShrinkingPercentage":8.59},"featureSplits":{"featureSplits":[{"dexFiles":[]}],"isolatedSplits":false},"resourceOptimization":{"isOptimizedShrinkingEnabled":false},"version":"8.12.14"}